Account_ID,Customer_ID,Account_Type,Currency,Account_Status,Open_Date
ACC0001,CUST001,Savings,GBP,Open,2024-03-16
ACC0002,CUST002,Current,GBP,Open,2024-10-13
ACC0003,CUST003,Current,GBP,Open,2025-02-10
ACC0004,CUST004,Savings,GBP,Open,2020-10-25
ACC0005,CUST005,Current,GBP,Open,2021-02-07
ACC0006,CUST006,Current,GBP,Open,2019-06-20
ACC0007,CUST007,Investment,GBP,Open,2022-12-15
ACC0008,CUST008,Investment,GBP,Open,2018-02-09
ACC0009,CUST009,Current,GBP,Open,2024-02-13
ACC0010,CUST010,Current,GBP,Closed,2024-03-13
ACC0011,CUST011,Current,GBP,Open,2018-06-21
ACC0012,CUST012,Savings,GBP,Open,2022-01-05
ACC0013,CUST013,Current,GBP,Open,2021-12-19
ACC0014,CUST014,Investment,GBP,Closed,2019-09-26
ACC0015,CUST015,Current,GBP,Open,2022-08-16
ACC0016,CUST016,Current,GBP,Open,2022-08-14
ACC0017,CUST017,Investment,GBP,Open,2019-10-15
ACC0018,CUST018,Investment,GBP,Open,2018-06-08
ACC0019,CUST019,Savings,GBP,Open,2023-03-01
ACC0020,CUST020,Savings,GBP,Open,2020-07-02
ACC0021,CUST021,Current,GBP,Open,2021-09-06
ACC0022,CUST022,Savings,GBP,Open,2021-12-09
ACC0023,CUST023,Investment,GBP,Open,2025-08-15
ACC0024,CUST024,Investment,GBP,Open,2019-04-18
ACC0025,CUST025,Savings,GBP,Closed,2020-12-23
ACC0026,CUST026,Current,GBP,Closed,2022-11-15
ACC0027,CUST027,Savings,GBP,Open,2024-10-19
ACC0028,CUST028,Investment,GBP,Open,2024-06-19
ACC0029,CUST029,Current,GBP,Open,2022-11-22
ACC0030,CUST030,Current,GBP,Open,2025-07-09
ACC0031,CUST031,Current,GBP,Open,2018-10-14
ACC0032,CUST032,Investment,GBP,Closed,2021-07-09
ACC0033,CUST033,Investment,GBP,Open,2023-09-09
ACC0034,CUST034,Savings,GBP,Open,2022-07-07
ACC0035,CUST035,Investment,GBP,Open,2019-06-06
ACC0036,CUST036,Current,GBP,Open,2025-08-06
ACC0037,CUST037,Investment,GBP,Closed,2024-05-20
ACC0038,CUST038,Savings,GBP,Open,2018-01-02
ACC0039,CUST039,Savings,GBP,Open,2022-10-27
ACC0040,CUST040,Investment,EUR,Open,2023-03-20
ACC0041,CUST041,Savings,GBP,Open,2023-09-25
ACC0042,CUST042,Savings,GBP,Open,2021-03-08
ACC0043,CUST043,Investment,EUR,Open,2019-01-18
ACC0044,CUST044,Current,GBP,Open,2020-03-26
ACC0045,CUST045,Current,GBP,Open,2020-09-29
ACC0046,CUST046,Savings,EUR,Open,2023-02-09
ACC0047,CUST047,Savings,EUR,Open,2022-04-22
ACC0048,CUST048,Savings,GBP,Open,2019-08-28
ACC0049,CUST049,Investment,GBP,Open,2022-10-08
ACC0050,CUST050,Current,GBP,Open,2023-03-18
ACC0051,CUST051,Current,GBP,Open,2019-05-13
ACC0052,CUST052,Savings,GBP,Open,2025-06-27
ACC0053,CUST053,Investment,GBP,Closed,2021-07-23
ACC0054,CUST054,Savings,EUR,Open,2022-10-14
ACC0055,CUST055,Investment,GBP,Open,2023-04-29
ACC0056,CUST056,Savings,GBP,Open,2025-02-24
ACC0057,CUST057,Savings,GBP,Open,2025-01-11
ACC0058,CUST058,Current,GBP,Open,2018-11-14
ACC0059,CUST059,Investment,GBP,Open,2021-01-17
ACC0060,CUST060,Savings,GBP,Open,2018-11-27
ACC0061,CUST061,Current,GBP,Open,2022-04-18
ACC0062,CUST062,Investment,GBP,Open,2018-09-21
ACC0063,CUST063,Savings,GBP,Open,2024-02-01
ACC0064,CUST064,Savings,GBP,Open,2020-04-27
ACC0065,CUST065,Savings,GBP,Closed,2018-03-22
ACC0066,CUST066,Investment,GBP,Open,2018-01-25
ACC0067,CUST067,Savings,GBP,Open,2022-09-13
ACC0068,CUST068,Investment,GBP,Closed,2020-06-22
ACC0069,CUST069,Savings,GBP,Open,2022-11-21
ACC0070,CUST070,Savings,GBP,Open,2021-10-08
ACC0071,CUST071,Investment,GBP,Open,2023-03-30
ACC0072,CUST072,Current,EUR,Open,2018-04-21
ACC0073,CUST999,Savings,EUR,Closed,2025-06-08
ACC0074,CUST074,Current,GBP,Open,2019-07-10
ACC0075,CUST075,Savings,GBP,Open,2020-12-01
ACC0076,CUST076,Savings,GBP,Open,2023-02-06
ACC0077,CUST077,Savings,GBP,Open,2021-02-13
ACC0078,CUST078,Savings,GBP,Open,2023-04-11
ACC0079,CUST079,Current,GBP,Open,2021-12-04
ACC0080,CUST080,Current,GBP,Open,2018-05-08
ACC0081,CUST081,Current,GBP,Open,2024-12-19
ACC0082,CUST082,Current,GBP,Open,2023-04-24
ACC0083,CUST083,Investment,GBP,Closed,2020-06-11
ACC0084,CUST084,Savings,GBP,Open,2019-11-19
ACC0085,CUST085,Investment,EUR,Open,2019-11-02
ACC0086,CUST086,Savings,GBP,Closed,2018-04-16
ACC0087,CUST087,Savings,EUR,Open,2022-06-13
ACC0088,CUST088,Investment,GBP,Open,2024-08-22
ACC0089,CUST089,Investment,GBP,Open,2021-05-20
ACC0090,CUST090,Investment,EUR,Open,2024-05-07
ACC0091,CUST091,Current,GBP,Open,2022-10-21
ACC0092,CUST092,Investment,GBP,Open,2023-09-04
ACC0093,CUST093,Investment,GBP,Open,2022-09-17
ACC0094,CUST094,Savings,GBP,Open,2022-01-23
ACC0095,CUST095,Investment,GBP,Open,2022-11-19
ACC0096,CUST096,Current,GBP,Open,2024-11-27
ACC0097,CUST097,Investment,GBP,Open,2022-11-20
ACC0098,CUST098,Investment,EUR,Open,2021-08-13
ACC0099,CUST099,Current,GBP,Open,2023-01-21
ACC0100,CUST100,Current,GBP,Closed,2024-11-04
