Customer_ID,Customer_Name,Date_of_Birth,Email_Address,Phone_Number,Country_Code,Customer_Status
CUST001,Amelia Smith,1966-02-14,amelia.smith1@example.com,+44 7700 900001,GB,Active
CUST002,James Wilson,1971-04-06,james.wilson2@example.com,+44 7700 900002,GB,Active
CUST003,Amelia Walker,1989-06-19,amelia.walker3@example.com,+44 7700 900003,GB,Active
CUST004,Lucas Garcia,1966-06-05,lucas.garcia4@example.com,+44 7700 900004,GB,Active
CUST005,Daniel Wilson,1975-06-09,daniel.wilson5@example.com,+44 7700 900005,IE,Active
CUST006,Lucas Khan,1990-03-06,lucas.khan6@example.com,+44 7700 900006,GB,Active
CUST007,Henry Clark,1996-06-17,henry.clark7@example.com,+44 7700 900007,IE,Active
CUST008,Sofia Wilson,1985-02-24,sofia.wilson8@example.com,+44 7700 900008,FR,Active
CUST009,Meera Khan,1972-02-29,meera.khan9@example.com,+44 7700 900009,GB,Active
CUST010,Oliver Patel,1971-12-23,oliver.patel10@example.com,+44 7700 900010,GB,Active
CUST011,Oliver Smith,1969-02-28,oliver.smith11@example.com,+44 7700 900011,GB,Active
CUST012,Daniel Brown,1980-06-06,daniel.brown12@example.com,+44 7700 900012,FR,Active
CUST013,Meera Khan,1997-09-25,meera.khan13@example.com,+44 7700 900013,GB,Active
CUST014,Emily Smith,1981-12-24,emily.smith14@example.com,+44 7700 900014,GB,Active
CUST015,Emily Patel,1993-03-14,invalid-email,+44 7700 900015,FR,Active
CUST016,Oliver Martin,1973-08-17,oliver.martin16@example.com,+44 7700 900016,GB,Active
CUST017,Aisha Clark,1975-03-23,aisha.clark17@example.com,+44 7700 900017,GB,Active
CUST018,Daniel Wilson,1969-07-13,daniel.wilson18@example.com,+44 7700 900018,GB,Active
CUST019,Meera Taylor,1993-07-08,meera.taylor19@example.com,+44 7700 900019,GB,Active
CUST020,Priya Brown,1980-12-08,priya.brown20@example.com,+44 7700 900020,GB,Active
CUST021,Amelia Patel,1996-06-25,amelia.patel21@example.com,+44 7700 900021,GB,Active
CUST022,Lucas Clark,1972-09-04,lucas.clark22@example.com,+44 7700 900022,IE,Active
CUST023,Henry Wilson,1972-05-01,henry.wilson23@example.com,+44 7700 900023,GB,Active
CUST024,Sofia Patel,1993-09-16,sofia.patel24@example.com,+44 7700 900024,IE,Active
CUST025,James Clark,1979-07-20,james.clark25@example.com,+44 7700 900025,GB,Active
CUST026,James Khan,1979-02-25,james.khan26@example.com,+44 7700 900026,GB,Active
CUST027,Meera Smith,1974-06-19,meera.smith27@example.com,+44 7700 900027,FR,Active
CUST028,Henry Brown,1974-07-16,henry.brown28@example.com,+44 7700 900028,GB,Active
CUST029,Sofia Clark,1985-08-01,sofia.clark29@example.com,,GB,Active
CUST030,Meera Nair,1976-01-24,meera.nair30@example.com,+44 7700 900030,IE,Active
CUST031,Emily Patel,1991-03-23,emily.patel31@example.com,+44 7700 900031,GB,Active
CUST032,Lucas Garcia,1981-03-28,lucas.garcia32@example.com,+44 7700 900032,GB,Active
CUST033,Priya Jones,1987-02-20,priya.jones33@example.com,+44 7700 900033,GB,Active
CUST034,Aisha Smith,1971-11-10,aisha.smith34@example.com,+44 7700 900034,GB,Active
CUST035,Amelia Garcia,1991-10-03,amelia.garcia35@example.com,+44 7700 900035,GB,Active
CUST036,Sofia Garcia,1991-09-25,sofia.garcia36@example.com,+44 7700 900036,GB,Active
CUST037,Emily Patel,1989-10-26,emily.patel37@example.com,+44 7700 900037,GB,Active
CUST038,Amelia Walker,1970-02-20,amelia.walker38@example.com,+44 7700 900038,IE,Active
CUST039,Meera Clark,1980-04-05,meera.clark39@example.com,+44 7700 900039,GB,Active
CUST040,Meera Garcia,1972-02-05,meera.garcia40@example.com,+44 7700 900040,GB,Active
CUST041,Aisha Walker,1997-04-14,aisha.walker41@example.com,+44 7700 900041,GB,Active
CUST042,Emily Nair,1987-10-10,emily.nair42@example.com,+44 7700 900042,GB,Active
CUST043,Amelia Patel,1993-08-30,amelia.patel43@example.com,+44 7700 900043,IE,Active
CUST044,Lucas Wilson,1971-11-10,lucas.wilson44@example.com,+44 7700 900044,GB,Active
CUST045,Priya Jones,,priya.jones45@example.com,+44 7700 900045,GB,Active
CUST046,Lucas Brown,1986-12-02,lucas.brown46@example.com,+44 7700 900046,GB,Active
CUST047,Daniel Brown,1978-10-18,daniel.brown47@example.com,+44 7700 900047,GB,Active
CUST048,Aisha Wilson,1990-06-14,aisha.wilson48@example.com,+44 7700 900048,GB,Active
CUST049,Daniel Walker,1986-10-20,daniel.walker49@example.com,+44 7700 900049,GB,Active
CUST050,Emily Nair,1970-10-05,emily.nair50@example.com,+44 7700 900050,GB,Active
CUST051,Emily Nair,1976-11-21,emily.nair51@example.com,+44 7700 900051,IE,Active
CUST052,Lucas Garcia,1974-07-03,lucas.garcia52@example.com,+44 7700 900052,IE,Active
CUST053,Henry Walker,1974-01-09,henry.walker53@example.com,+44 7700 900053,GB,Active
CUST054,Sofia Clark,1994-02-25,sofia.clark54@example.com,+44 7700 900054,GB,Active
CUST055,Noah Jones,1985-04-03,noah.jones55@example.com,+44 7700 900055,GB,Active
CUST056,James Wilson,1967-11-16,james.wilson56@example.com,+44 7700 900056,GB,Active
CUST057,Aisha Martin,1989-11-06,aisha.martin57@example.com,+44 7700 900057,GB,Active
CUST058,Lucas Wilson,1965-04-28,lucas.wilson58@example.com,+44 7700 900058,GB,Active
CUST059,Henry Clark,1967-08-23,henry.clark59@example.com,+44 7700 900059,GB,Active
CUST060,Daniel Khan,1979-10-28,daniel.khan60@example.com,+44 7700 900060,GB,Active
CUST061,Emily Wilson,1977-06-29,emily.wilson61@example.com,+44 7700 900061,GB,Active
CUST062,James Jones,1970-12-08,james.jones62@example.com,+44 7700 900062,UK,Active
CUST063,Lucas Taylor,1975-11-26,lucas.taylor63@example.com,+44 7700 900063,GB,Active
CUST064,Sofia Wilson,1969-03-26,sofia.wilson64@example.com,+44 7700 900064,GB,Active
CUST065,Amelia Garcia,1980-11-22,amelia.garcia65@example.com,+44 7700 900065,GB,Active
CUST066,Sofia Taylor,1997-09-15,sofia.taylor66@example.com,+44 7700 900066,GB,Active
CUST067,Amelia Clark,1993-12-27,amelia.clark67@example.com,+44 7700 900067,GB,Active
CUST068,Aisha Garcia,1997-09-01,aisha.garcia68@example.com,+44 7700 900068,GB,Active
CUST069,Daniel Wilson,1973-08-06,daniel.wilson69@example.com,+44 7700 900069,GB,Active
CUST070,Emily Taylor,1971-04-16,emily.taylor70@example.com,+44 7700 900070,GB,Active
CUST071,Priya Patel,1985-10-02,priya.patel71@example.com,+44 7700 900071,GB,Active
CUST072,Daniel Taylor,1989-09-08,daniel.taylor72@example.com,+44 7700 900072,GB,Active
CUST073,Aisha Clark,1989-04-01,aisha.clark73@example.com,+44 7700 900073,GB,Active
CUST074,Daniel Wilson,1972-06-17,daniel.wilson74@example.com,+44 7700 900074,GB,Active
CUST075,Noah Taylor,1974-08-04,noah.taylor75@example.com,+44 7700 900075,GB,Active
CUST076,Aisha Nair,1982-01-01,aisha.nair76@example.com,+44 7700 900076,GB,Active
CUST077,Sofia Patel,1985-05-30,sofia.patel77@example.com,+44 7700 900077,GB,Active
CUST078,Sofia Walker,1997-10-08,sofia.walker78@example.com,+44 7700 900078,IE,Active
CUST079,Amelia Walker,1986-10-31,amelia.walker79@example.com,+44 7700 900079,GB,Active
CUST079,James Patel,1974-10-07,james.patel80@example.com,+44 7700 900080,GB,Active
CUST081,Lucas Walker,1989-04-28,lucas.walker81@example.com,+44 7700 900081,GB,Active
CUST082,Henry Brown,1967-07-26,henry.brown82@example.com,+44 7700 900082,GB,Active
CUST083,Lucas Taylor,1987-07-23,lucas.taylor83@example.com,+44 7700 900083,IE,Active
CUST084,Priya Khan,1987-10-13,priya.khan84@example.com,+44 7700 900084,GB,Active
CUST085,Priya Smith,1991-09-11,priya.smith85@example.com,+44 7700 900085,GB,Active
CUST086,Amelia Wilson,1983-02-11,amelia.wilson86@example.com,+44 7700 900086,GB,Active
CUST087,Lucas Wilson,1990-12-21,lucas.wilson87@example.com,+44 7700 900087,FR,Active
CUST088,Aisha Martin,1968-09-05,aisha.martin88@example.com,+44 7700 900088,GB,Active
CUST089,Amelia Martin,1990-05-10,amelia.martin89@example.com,+44 7700 900089,IE,Active
CUST090,Oliver Patel,1974-03-01,oliver.patel90@example.com,+44 7700 900090,GB,Active
CUST091,James Patel,1982-10-03,james.patel91@example.com,+44 7700 900091,GB,Active
CUST092,Amelia Clark,1978-06-17,amelia.clark92@example.com,+44 7700 900092,GB,Active
CUST093,Oliver Smith,1965-06-02,oliver.smith93@example.com,+44 7700 900093,GB,Active
CUST094,Lucas Martin,1969-06-27,lucas.martin94@example.com,+44 7700 900094,GB,Active
CUST095,Emily Wilson,1987-09-11,emily.wilson95@example.com,+44 7700 900095,GB,Active
CUST096,Priya Brown,1968-02-02,priya.brown96@example.com,+44 7700 900096,GB,Active
CUST097,Oliver Patel,1972-01-29,oliver.patel97@example.com,+44 7700 900097,GB,Active
CUST098,Emily Walker,1978-07-28,emily.walker98@example.com,+44 7700 900098,FR,Active
CUST099,Amelia Jones,1965-05-09,amelia.jones99@example.com,+44 7700 900099,IE,Active
CUST100,Meera Clark,1969-08-25,meera.clark100@example.com,+44 7700 900100,GB,Active
